age,annual_income,credit_score,dti_ratio,utilization,employment_length,num_derogatory,num_credit_lines,home_ownership,loan_amount,loan_purpose,default
20,63013.23,696,0.0549,0.4778,2.5,0,5,rent,8691.53,other,0
51,52223.47,700,0.1813,0.4622,4.7,2,11,mortgage,17905.12,medical,1
39,54273.86,633,0.1229,0.5218,1.0,0,9,own,9938.43,auto,0
45,19545.68,611,0.1042,0.2364,5.7,1,10,rent,11512.53,credit_card,0
28,28385.29,744,0.103,0.3258,11.3,0,11,rent,9014.07,credit_card,0
37,26327.52,643,0.4188,0.2242,13.9,1,13,rent,8055.29,debt_consolidation,0
18,61328.02,598,0.3123,0.4727,9.5,1,9,rent,6873.87,other,0
70,30611.15,675,0.3838,0.4428,5.3,1,8,mortgage,4617.33,moving,0
28,68260.26,656,0.1626,0.4178,2.8,2,10,mortgage,37183.14,credit_card,1
27,70783.67,722,0.3965,0.2787,5.2,0,11,rent,9886.93,other,0
37,54310.98,631,0.1492,0.7731,9.6,1,11,rent,9085.93,medical,0
39,89922.71,677,0.3352,0.405,7.8,1,17,mortgage,10957.0,wedding,0
44,35857.47,582,0.222,0.1236,2.3,1,12,mortgage,14097.67,auto,0
45,39718.26,623,0.3806,0.7187,3.5,0,10,rent,3782.73,moving,0
61,46335.78,604,0.0677,0.3243,0.0,0,6,rent,11415.55,major_purchase,0
57,31418.11,675,0.4673,0.537,10.2,1,1,mortgage,2451.01,wedding,0
29,38254.82,711,0.1439,0.2693,11.1,0,5,rent,5578.5,other,0
46,126967.6,715,0.3924,0.3328,6.1,1,3,rent,5338.47,home_improvement,0
31,89258.47,695,0.2346,0.3524,11.3,2,12,own,6500.56,wedding,1
47,53214.76,667,0.4198,0.4204,12.5,0,7,rent,19658.52,auto,0
48,56489.8,850,0.2486,0.2858,1.8,1,12,mortgage,3105.54,major_purchase,0
27,53729.7,625,0.3056,0.5312,10.8,0,7,rent,11215.45,other,0
46,106334.24,711,0.2493,0.5322,8.5,1,11,rent,1880.06,wedding,0
52,69959.33,778,0.1262,0.474,0.0,0,8,own,14203.49,vacation,0
39,43828.32,774,0.2748,0.0484,1.1,0,6,mortgage,4678.75,medical,0
35,57853.89,687,0.223,0.2149,2.3,2,4,rent,3248.38,major_purchase,1
55,47303.46,667,0.2916,0.4672,5.0,0,12,mortgage,3965.76,major_purchase,0
19,20726.59,780,0.359,0.3849,0.0,2,19,rent,12327.72,wedding,0
53,30311.21,581,0.3745,0.4761,5.3,1,20,rent,1951.51,moving,0
34,59290.99,712,0.1907,0.3915,4.9,0,16,mortgage,5795.72,major_purchase,0
33,114234.26,791,0.239,0.2827,12.9,0,11,mortgage,11341.81,home_improvement,0
34,126029.64,746,0.3825,0.7666,4.9,1,20,rent,4785.54,wedding,0
31,63599.16,850,0.1365,0.5034,12.5,1,8,rent,6314.13,debt_consolidation,0
37,96479.37,670,0.443,0.2488,7.9,1,8,own,12445.2,moving,1
38,40602.69,711,0.2527,0.1612,3.5,0,9,mortgage,10151.78,debt_consolidation,0
34,226947.06,573,0.4186,0.6565,0.0,0,5,mortgage,2339.29,major_purchase,1
35,26553.38,694,0.3061,0.5259,1.7,0,13,mortgage,10730.45,medical,0
49,45630.87,730,0.193,0.6042,7.2,2,8,rent,3010.17,auto,0
28,117335.82,700,0.3328,0.353,12.5,0,7,rent,15134.81,debt_consolidation,0
33,22174.83,735,0.3906,0.3827,14.4,0,3,rent,8807.6,major_purchase,0
32,71902.49,754,0.2053,0.1899,8.8,1,5,rent,2915.74,medical,0
32,62097.19,775,0.2917,0.8883,0.0,2,12,rent,3038.65,credit_card,0
37,87661.79,691,0.3088,0.135,0.5,0,15,rent,12993.47,moving,0
42,57075.89,776,0.4325,0.0931,3.4,1,10,rent,5582.89,wedding,0
29,74772.8,725,0.3845,0.6258,8.7,0,13,mortgage,5637.84,vacation,0
61,66068.79,696,0.0393,0.0749,15.3,0,4,own,8435.48,moving,0
65,39033.93,598,0.3179,0.7694,7.9,0,11,mortgage,3844.91,wedding,0
37,36881.27,637,0.3044,0.0746,9.0,2,4,mortgage,13598.0,auto,1
41,87266.8,695,0.2187,0.1936,0.0,1,12,mortgage,17430.81,vacation,0
38,112754.88,629,0.3184,0.2093,8.3,0,6,mortgage,8309.89,credit_card,0
33,36080.3,665,0.3476,0.2721,5.9,0,13,rent,2481.55,vacation,0
18,15000.0,635,0.1548,0.2217,11.7,0,9,rent,5506.06,major_purchase,0
51,102136.74,672,0.1363,0.3399,8.5,0,6,rent,9460.22,home_improvement,0
35,67521.84,768,0.5044,0.125,7.9,1,18,mortgage,7142.63,wedding,0
46,91054.87,741,0.2386,0.3129,5.3,0,12,rent,8188.64,vacation,0
39,43650.36,683,0.4205,0.4015,0.1,0,6,mortgage,9085.13,credit_card,1
18,146923.29,788,0.2149,0.2811,7.8,1,12,mortgage,29779.51,medical,0
38,92786.86,630,0.435,0.366,5.9,3,12,rent,12417.4,vacation,0
42,21771.5,593,0.2561,0.3841,4.4,2,7,rent,8620.59,other,0
18,63226.68,636,0.0541,0.1922,7.8,0,11,rent,8065.12,home_improvement,0
26,70406.69,773,0.3049,0.1426,3.2,0,14,mortgage,21411.25,vacation,0
34,88474.02,684,0.2638,0.6518,6.2,0,7,own,2581.34,wedding,0
57,15000.0,611,0.0639,0.7559,7.0,0,19,mortgage,14241.51,moving,1
55,72741.41,703,0.3571,0.6529,0.0,1,4,rent,5134.6,credit_card,1
62,109541.82,587,0.2971,0.6402,12.6,0,2,rent,8350.89,credit_card,0
51,15000.0,670,0.2538,0.611,5.2,0,1,rent,8526.03,home_improvement,0
42,35203.02,575,0.373,0.025,0.0,2,9,rent,7655.09,vacation,1
39,32221.37,774,0.4015,0.2037,1.2,0,10,mortgage,3378.23,wedding,0
38,44270.21,730,0.4059,0.1892,7.3,0,15,mortgage,6562.54,home_improvement,0
23,60665.38,661,0.2895,0.182,0.0,1,5,mortgage,4548.74,credit_card,0
55,36227.93,688,0.3738,0.092,2.5,4,15,mortgage,11986.27,wedding,0
32,46200.18,617,0.1625,0.3,4.4,0,14,rent,8789.61,moving,0
47,36647.75,572,0.3666,0.4316,9.8,2,4,mortgage,6136.25,credit_card,0
25,44012.72,796,0.4561,0.6003,8.6,1,3,mortgage,7105.56,credit_card,0
37,55021.37,793,0.0494,0.5364,8.8,1,4,rent,8124.09,major_purchase,0
25,166797.22,667,0.4333,0.1264,4.9,0,8,mortgage,2142.55,home_improvement,0
20,44418.84,606,0.373,0.5035,16.4,1,10,rent,6851.91,vacation,0
33,48161.39,692,0.1028,0.6266,8.7,1,12,rent,25987.29,other,0
47,61349.31,658,0.1862,0.2237,16.8,0,12,mortgage,5970.73,credit_card,0
24,32243.89,611,0.2542,0.1028,3.8,0,12,mortgage,2599.94,wedding,0
18,46481.4,653,0.0844,0.4051,9.7,0,5,mortgage,7071.19,other,0
34,70633.16,693,0.4849,0.111,17.1,0,8,rent,7150.75,debt_consolidation,0
44,32179.07,660,0.3848,0.3373,0.0,1,0,rent,4434.62,home_improvement,0
41,98969.33,686,0.3381,0.5945,7.6,1,0,own,9810.34,debt_consolidation,0
43,34658.08,576,0.2575,0.3202,5.2,0,15,mortgage,8864.9,debt_consolidation,0
45,83781.46,650,0.2146,0.1508,10.3,1,2,rent,3750.36,home_improvement,0
43,211517.73,720,0.142,0.7803,9.0,1,8,rent,6929.48,medical,0
18,134660.26,715,0.1342,0.0706,0.0,1,16,own,3313.95,credit_card,0
55,99186.33,689,0.2817,0.0731,0.5,0,13,own,30030.4,vacation,0
18,89458.54,628,0.4072,0.3807,7.6,1,10,own,22242.07,medical,0
34,80630.1,705,0.3131,0.1977,6.6,1,3,rent,6787.44,moving,0
47,93849.97,534,0.06,0.2088,0.6,1,15,rent,17575.54,debt_consolidation,0
41,30673.45,685,0.2458,0.2055,4.8,0,0,mortgage,5184.32,debt_consolidation,0
40,63696.56,784,0.4016,0.4131,1.9,1,8,rent,12329.43,credit_card,0
48,33069.9,602,0.1331,0.4771,10.6,5,0,mortgage,8455.32,auto,0
34,53529.13,768,0.2627,0.7069,2.8,0,3,rent,29688.41,major_purchase,0
53,67772.61,774,0.2263,0.3369,3.9,0,13,mortgage,17710.9,credit_card,0
47,63463.75,561,0.2319,0.4468,8.9,0,11,rent,7720.17,other,0
41,49219.89,638,0.3063,0.3568,1.3,3,20,rent,1969.27,other,0
31,37992.08,669,0.0,0.5557,3.5,0,14,rent,6490.68,other,0
37,96686.02,734,0.4518,0.615,1.3,0,5,rent,12747.6,vacation,0
45,222247.45,578,0.2578,0.476,16.7,1,8,rent,14210.37,major_purchase,0
48,45492.14,637,0.3318,0.6974,2.6,1,10,own,6777.77,medical,1
27,58671.48,607,0.3568,0.8053,8.6,0,7,rent,7214.75,vacation,0
21,60526.5,721,0.2636,0.2809,0.0,0,11,mortgage,21824.62,wedding,0
33,29809.64,673,0.3149,0.8088,3.6,0,12,rent,13279.11,major_purchase,0
32,44391.69,703,0.4361,0.3128,12.8,0,7,own,18352.14,auto,0
43,78931.08,655,0.2362,0.2848,1.6,0,8,mortgage,1487.57,major_purchase,0
18,93846.74,723,0.0464,0.7314,5.5,0,8,rent,9468.87,debt_consolidation,1
37,57695.54,661,0.2943,0.3414,3.1,1,9,mortgage,6447.6,credit_card,0
48,38190.33,770,0.0853,0.5734,0.1,3,5,rent,17759.91,wedding,0
39,98921.81,823,0.4356,0.6106,12.9,1,8,rent,2446.18,auto,0
34,22033.74,809,0.4195,0.5512,8.1,0,23,mortgage,7378.96,wedding,0
26,37463.9,748,0.3328,0.6652,2.5,2,17,rent,8475.43,home_improvement,0
55,45580.84,697,0.2661,0.7435,2.5,2,11,rent,9846.52,home_improvement,1
52,109597.63,585,0.5857,0.462,2.8,2,24,rent,26801.08,debt_consolidation,1
31,149210.53,700,0.493,0.4872,9.9,1,15,rent,4453.58,wedding,1
27,129208.7,712,0.0101,0.5351,9.8,5,8,mortgage,5775.88,wedding,0
51,53360.79,695,0.1037,0.2673,4.1,0,11,rent,17648.17,major_purchase,0
33,58593.56,631,0.1214,0.5799,10.8,2,5,rent,16183.01,moving,1
34,29639.2,639,0.0805,0.4411,12.7,0,13,mortgage,8874.72,medical,0
34,22627.19,643,0.2496,0.5218,8.1,1,4,mortgage,3173.41,home_improvement,0
46,157785.47,666,0.0359,0.6885,8.6,2,6,mortgage,16952.34,home_improvement,0
36,57882.4,731,0.2816,0.3609,5.2,1,8,rent,6664.49,debt_consolidation,0
42,68211.62,586,0.2176,0.2309,17.0,0,9,mortgage,8083.5,auto,0
22,51653.71,691,0.2458,0.0936,8.5,2,13,mortgage,12810.92,medical,1
20,94311.49,680,0.3878,0.4501,4.4,0,18,rent,2233.4,credit_card,0
43,74207.8,693,0.033,0.2399,7.8,0,11,rent,8000.04,medical,0
27,87801.81,689,0.2351,0.4533,8.3,1,7,mortgage,2628.29,other,0
49,70172.56,501,0.2592,0.2143,1.9,0,11,mortgage,5063.91,vacation,0
35,38888.55,604,0.3895,0.2923,1.6,1,4,mortgage,10376.63,wedding,1
32,70573.3,814,0.3439,0.1438,4.0,0,6,mortgage,4477.61,other,0
18,156103.52,543,0.3497,0.6116,5.3,0,21,mortgage,8163.68,moving,1
30,96479.83,832,0.2391,0.2857,1.7,1,8,rent,1781.55,moving,0
31,59896.28,731,0.4531,0.1632,4.6,0,8,rent,9103.18,vacation,0
27,48608.73,738,0.3538,0.428,2.7,0,5,own,4828.5,credit_card,0
51,36395.52,786,0.2532,0.3077,11.7,1,12,rent,27366.09,medical,0
45,32578.75,663,0.5882,0.1834,2.7,0,12,own,6171.56,medical,0
41,89620.42,683,0.2786,0.1933,4.8,1,10,mortgage,5616.84,debt_consolidation,0
53,31591.34,663,0.0782,0.2996,4.2,0,9,mortgage,10229.6,credit_card,0
55,28781.69,590,0.1525,0.5997,4.8,3,11,rent,3693.82,auto,0
19,30874.28,845,0.2299,0.3933,5.2,0,13,rent,4764.69,debt_consolidation,0
39,35808.65,676,0.2235,0.5989,4.0,0,13,own,10531.2,major_purchase,0
44,67420.54,791,0.3662,0.404,19.9,0,9,mortgage,13728.66,medical,0
32,48400.47,556,0.1488,0.2195,11.7,0,15,own,4394.85,wedding,0
27,28838.78,710,0.2167,0.5976,0.9,2,7,rent,21787.35,moving,1
41,83833.37,720,0.0863,0.239,6.5,0,13,own,8999.18,debt_consolidation,0
34,115018.27,703,0.3662,0.5035,0.0,2,12,rent,3589.6,debt_consolidation,0
34,61056.25,732,0.3969,0.3288,6.0,1,9,rent,21346.45,major_purchase,0
18,106997.28,649,0.1603,0.5494,11.7,0,4,rent,7997.05,other,0
54,43545.88,724,0.3906,0.3256,0.0,0,13,own,9755.97,wedding,0
24,61890.13,718,0.2149,0.519,5.0,1,11,mortgage,9674.97,other,0
32,83738.85,586,0.216,0.3126,10.1,2,11,rent,6112.93,medical,1
24,36659.19,596,0.1514,0.3231,11.0,0,14,mortgage,3356.2,debt_consolidation,0
42,41458.87,675,0.3435,0.2057,10.6,0,10,mortgage,5677.36,auto,0
36,31239.8,578,0.0535,0.0591,9.3,1,10,own,6746.04,vacation,0
43,76651.19,680,0.0477,0.4704,6.5,1,5,mortgage,18561.18,vacation,0
52,128703.1,673,0.4088,0.5467,9.2,0,9,own,14588.63,credit_card,0
56,73918.61,775,0.1662,0.6963,0.0,2,16,mortgage,10398.91,credit_card,0
25,62817.45,582,0.3236,0.2821,2.7,0,5,mortgage,13352.54,debt_consolidation,0
30,144207.3,618,0.3235,0.3556,2.0,0,10,rent,3939.89,major_purchase,0
42,26941.75,721,0.3,0.4985,10.1,1,11,own,5869.99,home_improvement,0
59,37832.62,765,0.1062,0.5666,8.9,1,12,mortgage,3470.79,debt_consolidation,0
32,159469.04,644,0.3421,0.7014,15.0,0,9,mortgage,4770.93,credit_card,0
40,23014.08,711,0.3257,0.3758,4.1,0,7,mortgage,16340.32,home_improvement,0
52,106771.24,712,0.3911,0.2331,14.1,0,18,mortgage,6931.09,other,0
44,29169.4,574,0.1534,0.0874,9.4,0,7,own,8637.77,vacation,0
47,33679.01,578,0.237,0.1562,9.8,1,14,rent,11898.58,credit_card,0
33,39030.6,643,0.0985,0.6428,12.2,2,11,rent,5974.28,auto,0
55,34860.14,709,0.4457,0.2541,2.9,2,3,rent,25011.53,wedding,1
31,51798.91,592,0.1599,0.4852,12.9,0,10,rent,13752.2,home_improvement,0
39,148025.13,638,0.0475,0.3476,1.0,0,18,rent,15366.01,credit_card,0
44,103472.35,642,0.1485,0.5323,0.0,1,5,rent,9539.16,home_improvement,1
49,118833.67,815,0.0834,0.7838,4.4,1,5,own,12122.61,vacation,0
31,105359.41,682,0.1006,0.9155,0.0,0,6,own,1863.74,debt_consolidation,0
29,50763.16,782,0.3547,0.2091,6.1,0,20,own,9950.12,other,0
26,145819.29,663,0.3947,0.4289,7.3,0,6,rent,909.21,moving,0
30,90454.94,599,0.4149,0.4617,5.2,0,15,rent,3854.48,medical,0
48,56379.44,651,0.2568,0.4898,6.0,0,13,mortgage,8894.42,credit_card,0
29,91549.19,588,0.2694,0.1834,2.7,0,11,mortgage,10223.48,debt_consolidation,0
40,62735.04,752,0.2838,0.3444,8.7,0,9,rent,4720.75,credit_card,0
54,46384.14,735,0.2987,0.0526,20.4,0,9,rent,20508.94,wedding,0
46,69254.22,656,0.1835,0.2749,3.2,1,3,mortgage,3573.73,vacation,0
48,22923.42,814,0.4712,0.6704,1.1,1,8,rent,10542.12,moving,0
44,61364.71,677,0.3052,0.7226,12.1,4,7,mortgage,11804.45,medical,0
35,114522.28,555,0.2601,0.2173,11.7,2,22,mortgage,26492.02,debt_consolidation,1
34,97825.3,538,0.3193,0.549,2.0,1,11,rent,5352.42,wedding,1
27,117837.85,762,0.2878,0.1529,0.0,0,7,rent,13334.61,credit_card,0
30,30635.6,647,0.078,0.1814,14.2,0,9,rent,22592.22,moving,0
31,64642.96,590,0.1942,0.5603,11.0,1,4,rent,6717.94,medical,0
33,56172.76,656,0.1505,0.4291,9.8,0,7,mortgage,7623.35,auto,0
35,55030.03,661,0.0903,0.1404,10.9,3,5,rent,7461.69,home_improvement,0
38,52906.17,684,0.2738,0.5441,5.7,1,5,own,1549.9,auto,0
51,18553.18,660,0.269,0.1734,8.3,1,10,mortgage,2723.5,wedding,0
27,81730.22,714,0.1928,0.2219,9.1,0,11,own,13216.37,vacation,0
28,34011.55,592,0.1838,0.1144,8.5,0,5,own,5615.2,other,0
28,51460.2,667,0.2798,0.8451,5.5,0,6,rent,3265.69,vacation,0
25,89369.34,785,0.2576,0.1885,5.7,2,1,rent,5170.56,wedding,0
18,103393.37,721,0.2422,0.6449,5.2,0,6,mortgage,7095.89,debt_consolidation,0
41,28238.44,651,0.1612,0.5806,8.9,1,9,rent,3233.7,auto,0
59,60118.49,634,0.2961,0.4971,3.0,1,6,rent,1874.71,other,1
51,60796.41,741,0.5242,0.4612,3.9,1,7,rent,5690.98,wedding,0
51,36865.58,658,0.4524,0.4706,1.6,1,11,mortgage,1076.58,credit_card,1
42,27939.95,644,0.0,0.327,6.9,1,22,own,2552.86,other,0
24,32385.93,755,0.3368,0.4013,13.3,4,8,rent,3636.71,moving,1
38,134578.25,729,0.4119,0.2172,10.6,0,24,own,9455.69,major_purchase,0
50,70557.08,500,0.4354,0.1123,5.0,1,8,rent,5719.92,wedding,1
20,81981.62,654,0.1845,0.0511,14.7,1,11,mortgage,6117.83,credit_card,0
57,37171.52,581,0.163,0.3626,5.0,1,13,own,6514.88,debt_consolidation,0
44,112395.83,719,0.2683,0.1737,0.0,0,2,mortgage,6895.58,moving,0
18,23403.11,644,0.3525,0.5386,0.4,0,9,rent,12436.9,major_purchase,1
37,28289.73,766,0.4213,0.7696,5.6,1,12,rent,6775.83,auto,0
43,157380.11,711,0.2056,0.388,5.3,0,18,mortgage,8698.62,moving,0
30,80065.39,587,0.0364,0.4718,10.7,0,17,mortgage,5019.79,major_purchase,0
50,55856.54,712,0.3596,0.3167,4.5,2,12,own,4606.32,home_improvement,0
25,37570.52,570,0.4116,0.6737,8.6,0,9,mortgage,11423.19,other,1
32,28027.1,721,0.4962,0.4083,6.4,2,1,rent,10611.7,vacation,1
22,38161.14,615,0.2272,0.0772,7.4,0,7,rent,3288.29,major_purchase,0
18,51088.35,632,0.241,0.7111,8.0,1,11,own,5698.48,major_purchase,0
40,72756.09,714,0.157,0.2718,1.6,0,8,rent,7705.11,medical,1
45,35796.25,778,0.3386,0.3297,1.6,1,14,own,5841.67,debt_consolidation,0
67,37490.67,764,0.3073,0.2996,0.0,5,6,own,34827.7,other,0
35,43123.28,675,0.3729,0.47,3.4,2,10,mortgage,18958.41,credit_card,0
34,39106.93,658,0.1911,0.5855,2.6,0,22,own,1834.83,medical,0
29,89383.21,695,0.1522,0.2768,2.2,2,4,mortgage,19367.9,vacation,1
43,40926.9,842,0.2703,0.3211,4.8,0,16,rent,8047.41,auto,0
23,27026.05,773,0.223,0.2412,8.3,1,7,mortgage,5668.82,home_improvement,0
39,101221.29,704,0.2987,0.596,13.3,0,8,own,13252.43,medical,0
41,30841.99,618,0.2435,0.1945,6.0,1,5,mortgage,12055.87,major_purchase,0
38,50238.23,795,0.2233,0.6551,15.8,1,12,own,21505.86,medical,0
49,80471.03,649,0.3237,0.4941,8.6,0,9,rent,3960.88,credit_card,1
53,52852.06,652,0.3793,0.7752,4.1,0,8,rent,6579.9,debt_consolidation,0
24,51825.35,774,0.0907,0.2716,10.0,0,6,mortgage,19449.29,vacation,0
34,59487.71,701,0.178,0.4137,4.3,0,11,mortgage,4395.43,major_purchase,0
20,27095.44,850,0.388,0.168,7.2,4,0,mortgage,7246.11,home_improvement,0
45,90798.36,749,0.2286,0.3426,7.4,1,18,mortgage,25842.07,credit_card,0
53,71651.22,674,0.3055,0.5548,10.7,0,11,rent,17018.15,medical,1
53,85927.78,579,0.3452,0.6359,1.3,3,6,mortgage,5085.28,debt_consolidation,0
18,39260.63,695,0.2385,0.6795,4.9,0,10,mortgage,21702.44,auto,0
18,112884.16,677,0.2696,0.2402,10.7,0,5,mortgage,10900.3,home_improvement,0
40,41002.31,617,0.214,0.4239,6.3,1,13,mortgage,8123.83,moving,0
35,111135.16,687,0.2462,0.8402,12.0,0,1,own,9098.23,credit_card,0
18,48793.06,559,0.3009,0.7588,12.8,0,9,rent,4489.3,vacation,1
38,92226.89,730,0.2148,0.7067,8.4,1,6,own,4625.77,debt_consolidation,0
52,82738.41,733,0.4488,0.4244,4.1,3,11,mortgage,14689.12,wedding,0
24,99089.03,776,0.2427,0.5406,7.7,0,16,rent,13438.61,vacation,0
40,102542.35,672,0.3561,0.5554,7.0,0,7,mortgage,4828.65,other,0
27,40009.94,669,0.2583,0.2114,4.5,6,1,rent,9496.45,major_purchase,0
42,36849.81,558,0.2896,0.52,13.1,0,2,rent,8556.88,vacation,0
27,74742.63,644,0.2207,0.233,7.3,1,5,own,5457.53,medical,0
40,38396.76,732,0.2398,0.6107,14.6,0,6,rent,3542.1,debt_consolidation,0
37,107626.11,805,0.2521,0.2943,0.0,1,11,rent,5447.76,other,0
46,67871.04,573,0.2884,0.2888,7.1,0,8,rent,29666.94,credit_card,0
43,97374.04,726,0.2736,0.2668,9.3,2,3,rent,4049.05,debt_consolidation,0
30,39854.97,689,0.3274,0.497,9.4,0,18,rent,9020.62,credit_card,0
33,62777.69,749,0.138,0.2538,2.0,1,17,mortgage,17834.22,debt_consolidation,0
50,77334.02,659,0.3676,0.0129,0.0,1,3,own,3535.12,home_improvement,0
20,21100.55,602,0.2279,0.3471,11.2,1,7,rent,9187.81,credit_card,0
43,26487.79,714,0.2991,0.3566,4.9,0,6,mortgage,21667.64,vacation,0
31,45098.56,774,0.2742,0.0629,4.6,2,9,rent,15326.13,vacation,0
24,86333.41,642,0.3361,0.3605,6.6,0,3,own,4116.0,auto,0
60,39173.32,547,0.343,0.4266,8.9,2,3,rent,7638.95,auto,1
42,41110.87,734,0.2598,0.2455,2.6,0,15,own,9204.38,debt_consolidation,0
39,54990.68,637,0.191,0.6809,11.0,2,14,mortgage,15918.36,medical,0
27,82884.95,642,0.1571,0.5999,4.1,0,7,own,4710.75,other,0
57,36252.84,700,0.1788,0.1663,8.9,3,13,rent,17705.01,vacation,0
42,23555.89,678,0.136,0.6823,9.6,0,12,rent,5535.76,medical,0
48,64112.29,716,0.2842,0.4465,8.9,0,13,rent,13420.12,home_improvement,0
30,44631.59,795,0.0193,0.1239,5.2,0,0,mortgage,15794.5,wedding,0
38,84200.66,669,0.391,0.2793,6.1,0,3,own,4806.34,home_improvement,0
50,37369.83,717,0.274,0.2849,0.0,2,4,mortgage,4607.52,home_improvement,0
42,151518.34,717,0.1701,0.689,6.6,0,11,own,7206.15,home_improvement,0
18,63324.18,708,0.3097,0.1717,13.8,0,4,mortgage,7487.3,major_purchase,0
30,30123.2,730,0.39,0.0715,8.1,0,12,rent,14102.34,vacation,1
20,65852.5,715,0.3234,0.1924,12.2,1,15,own,18361.34,home_improvement,0
43,69074.39,699,0.4155,0.1018,7.0,0,17,rent,7194.11,home_improvement,0
43,46853.33,749,0.0554,0.5797,5.8,0,14,rent,14859.84,home_improvement,0
46,43267.45,788,0.1382,0.1193,15.6,1,5,rent,3605.69,wedding,0
27,72166.54,500,0.3193,0.3193,7.5,1,0,own,11623.65,vacation,1
35,60596.13,643,0.2664,0.4522,6.9,2,17,own,10361.66,debt_consolidation,0
28,77339.22,702,0.395,0.753,7.7,7,9,rent,20060.22,credit_card,0
43,34772.47,628,0.4548,0.5979,9.1,0,14,mortgage,8603.6,debt_consolidation,0
37,31976.18,666,0.361,0.7951,10.4,1,11,rent,9584.85,medical,0
20,34249.02,769,0.2696,0.4505,12.3,3,13,rent,3427.14,auto,0
24,93768.19,665,0.2426,0.3734,0.0,1,12,rent,13083.68,debt_consolidation,0
49,28994.07,651,0.4413,0.4432,18.7,1,12,rent,26730.48,vacation,0
53,175987.24,667,0.0,0.228,4.4,0,13,rent,17175.51,other,0
38,75509.99,650,0.1708,0.3679,10.1,1,14,rent,8315.79,major_purchase,0
35,63560.04,679,0.4742,0.305,0.0,0,8,own,5748.71,home_improvement,0
40,26694.82,749,0.5723,0.5178,0.0,1,3,mortgage,5688.99,vacation,0
25,56981.89,637,0.4351,0.3194,2.8,0,10,mortgage,10929.56,medical,0
42,108719.67,623,0.5018,0.5137,9.7,1,9,mortgage,4729.74,home_improvement,0
42,40135.1,675,0.2856,0.0527,2.9,1,8,mortgage,4047.26,medical,0
58,145646.6,739,0.3208,0.4933,8.9,0,13,rent,13100.01,medical,0
40,85390.97,620,0.1944,0.3511,7.3,1,13,rent,50000.0,credit_card,0
28,104532.81,646,0.2992,0.1875,0.0,0,5,mortgage,6354.31,other,0
39,60241.33,637,0.0123,0.2694,4.2,0,11,own,19947.73,moving,0
20,21680.15,728,0.3757,0.2696,3.8,0,7,rent,3879.19,debt_consolidation,0
47,120890.21,757,0.2053,0.4456,9.4,0,11,rent,15304.81,home_improvement,0
22,36048.15,736,0.2778,0.4011,11.0,0,8,rent,35842.22,vacation,0
35,58002.07,769,0.2311,0.0516,2.8,1,3,rent,8268.89,moving,0
65,30390.86,682,0.4491,0.3703,5.2,3,9,rent,5194.58,other,1
43,41958.24,630,0.3105,0.3758,6.5,0,7,rent,11046.48,debt_consolidation,0
66,116991.89,651,0.2279,0.1287,10.7,2,7,own,24966.75,moving,0
43,40685.57,762,0.3214,0.3202,6.2,0,14,mortgage,16307.26,moving,0
39,59588.14,797,0.2566,0.3341,6.2,0,6,mortgage,7852.28,auto,0
18,51633.66,572,0.4133,0.2567,9.8,0,6,own,8629.54,debt_consolidation,0
30,76710.57,503,0.244,0.1818,15.1,1,6,own,5898.78,auto,0
31,45551.66,643,0.3272,0.7739,5.9,1,7,rent,9477.0,other,0
25,47711.01,617,0.1302,0.7391,5.6,4,14,mortgage,14578.7,home_improvement,0
29,81623.98,537,0.1497,0.2895,2.2,0,17,own,2196.98,home_improvement,0
54,56693.58,725,0.1525,0.4914,4.6,2,7,mortgage,2731.29,major_purchase,0
36,80134.39,543,0.3244,0.2365,6.3,1,17,mortgage,4012.11,wedding,1
18,43574.09,771,0.5084,0.5036,14.1,0,11,own,13308.53,credit_card,0
43,15000.0,686,0.3627,0.2463,7.7,0,11,mortgage,7479.95,debt_consolidation,0
49,48032.88,721,0.3677,0.5172,1.4,1,11,mortgage,14356.09,debt_consolidation,0
44,47350.15,593,0.0928,0.6182,1.4,0,11,mortgage,4167.13,moving,0
35,71939.2,771,0.2941,0.2171,9.9,1,12,mortgage,11640.25,auto,0
37,79850.74,714,0.4685,0.4057,8.8,0,0,rent,10466.41,auto,0
21,46413.27,717,0.2959,0.4484,11.2,0,20,mortgage,6183.98,auto,0
39,51588.68,740,0.0877,0.1507,0.0,0,7,rent,14258.78,credit_card,0
38,31763.85,761,0.2381,0.2403,10.5,2,5,own,6984.25,medical,0
23,36991.21,752,0.2191,0.2063,9.2,3,11,rent,3503.53,credit_card,0
38,15082.51,606,0.1746,0.2486,8.7,0,10,own,19992.87,home_improvement,0
31,63807.58,780,0.2146,0.0644,12.8,1,4,mortgage,11427.06,major_purchase,0
34,30567.98,655,0.2387,0.867,0.0,0,0,rent,4283.86,moving,0
30,73986.03,693,0.3193,0.1132,11.3,1,11,rent,5662.15,moving,0
20,55794.96,678,0.2559,0.5117,10.9,1,1,rent,12163.42,vacation,0
52,109008.78,811,0.4578,0.4064,12.3,0,16,own,8307.19,vacation,0
43,31622.33,623,0.2403,0.5033,4.8,1,14,rent,13483.96,major_purchase,0
30,74922.29,629,0.3127,0.3722,5.1,1,7,mortgage,3135.28,wedding,1
34,38385.55,686,0.4025,0.2431,5.3,1,16,mortgage,6234.05,other,0
44,66794.77,674,0.283,0.2133,14.0,3,6,own,5978.78,other,0
36,58358.04,774,0.2851,0.5124,9.8,0,7,mortgage,8145.03,medical,0
24,23206.81,722,0.5493,0.3278,7.3,0,11,mortgage,4203.8,medical,0
61,74684.9,763,0.3751,0.6258,9.7,3,7,rent,5591.97,other,0
42,49959.17,681,0.2228,0.2209,5.4,1,3,mortgage,6706.84,credit_card,0
31,87585.49,577,0.1217,0.571,8.4,4,18,own,47441.47,medical,0
39,42912.91,727,0.3195,0.2642,14.2,0,7,own,11471.1,debt_consolidation,0
59,21381.09,777,0.0583,0.7011,10.3,2,13,rent,3410.17,auto,0
33,61238.71,651,0.1521,0.5441,2.4,0,13,rent,3796.48,major_purchase,1
48,72872.09,670,0.2713,0.0656,10.2,1,10,own,5264.16,medical,0
48,49751.71,755,0.2961,0.1455,4.8,2,12,rent,6544.77,other,0
31,37147.52,676,0.2062,0.2017,4.1,2,11,rent,10357.26,home_improvement,0
54,20859.69,688,0.476,0.3679,10.7,0,17,own,6325.34,major_purchase,0
31,41768.28,596,0.1973,0.5924,5.9,0,9,mortgage,10484.15,wedding,0
41,146886.87,712,0.1783,0.3894,8.4,0,14,mortgage,8511.14,vacation,0
60,52218.15,696,0.1423,0.4625,11.0,0,17,mortgage,19229.15,major_purchase,0
32,59095.97,653,0.2506,0.3375,3.4,0,16,own,29134.77,credit_card,0
56,22070.66,716,0.0366,0.6665,4.0,0,18,rent,13872.21,debt_consolidation,0
18,79442.33,610,0.4801,0.1806,7.9,2,15,rent,15223.85,moving,0
18,34704.05,538,0.1491,0.4997,8.1,2,16,rent,11228.98,other,0
39,113154.38,653,0.3248,0.6086,0.0,0,11,own,6610.89,credit_card,0
36,91470.53,598,0.1445,0.1031,0.0,0,8,own,42646.99,credit_card,1
39,54670.76,701,0.2708,0.3363,8.5,0,18,mortgage,2429.5,wedding,1
29,69857.85,700,0.1351,0.1281,6.0,0,3,rent,7319.82,medical,0
26,63515.68,652,0.315,0.2128,8.3,2,15,rent,20045.03,moving,0
43,41850.01,708,0.253,0.4554,5.2,0,3,mortgage,19233.83,home_improvement,0
51,54768.08,658,0.2219,0.2036,11.8,0,6,mortgage,7553.4,wedding,0
46,23664.8,777,0.2394,0.5846,8.8,0,16,rent,10190.28,moving,0
56,32248.83,606,0.197,0.0839,12.3,0,17,own,16635.12,wedding,0
40,61595.52,655,0.366,0.164,5.2,1,8,rent,1579.59,other,1
18,55877.65,639,0.165,0.3375,4.8,1,6,own,7415.5,vacation,1
42,37195.11,639,0.1944,0.1792,15.0,1,8,rent,6971.22,home_improvement,0
31,69217.73,789,0.3084,0.2008,5.3,0,8,rent,7174.18,other,0
29,42062.75,697,0.4405,0.6234,12.6,1,10,rent,19837.96,wedding,0
21,41272.31,642,0.1147,0.2201,9.6,0,9,rent,14987.93,moving,0
38,38467.66,687,0.253,0.0522,4.8,0,14,mortgage,20825.87,other,0
33,48679.68,537,0.3177,0.1758,1.1,0,11,mortgage,5433.04,major_purchase,0
37,66619.0,657,0.1633,0.5319,6.0,0,7,own,13196.76,other,0
51,20167.95,792,0.355,0.6794,9.7,1,6,mortgage,6430.28,wedding,0
48,102209.32,671,0.2844,0.2794,7.9,0,11,rent,2789.05,major_purchase,0
45,104194.76,524,0.1493,0.2966,9.8,1,11,mortgage,4772.14,major_purchase,0
21,103199.47,671,0.3398,0.3636,6.0,2,10,own,6825.56,auto,1
28,95494.08,710,0.3495,0.3738,2.6,0,8,mortgage,9093.63,major_purchase,0
55,37765.83,776,0.3925,0.3693,4.1,0,12,mortgage,8397.71,credit_card,0
31,19765.96,620,0.2273,0.2663,8.7,0,7,mortgage,8483.63,other,0
32,117993.1,713,0.2602,0.8717,2.8,1,9,own,9644.92,auto,0
24,55485.38,627,0.0796,0.4746,10.2,0,10,rent,3971.08,other,0
18,41834.53,606,0.1299,0.272,3.1,0,3,rent,5485.83,auto,0
61,41259.39,706,0.1042,0.4217,6.1,0,15,rent,25295.13,home_improvement,1
42,44363.38,664,0.1719,0.2529,0.0,3,9,mortgage,4442.11,auto,0
26,97015.4,606,0.2851,0.1237,4.6,0,5,mortgage,5963.62,auto,0
41,15000.0,707,0.2653,0.1688,12.0,2,22,own,8763.56,vacation,0
39,76498.4,697,0.1651,0.9176,16.5,1,17,rent,15940.55,other,0
28,38072.81,658,0.2013,0.7083,5.8,0,9,own,13550.33,debt_consolidation,0
29,148670.49,653,0.2554,0.1121,2.3,1,12,own,2815.98,medical,0
49,89119.39,713,0.3831,0.2575,0.0,0,6,mortgage,12125.36,moving,0
47,82298.29,666,0.2591,0.0402,1.4,1,15,rent,6861.0,major_purchase,0
41,46477.1,608,0.3851,0.2667,4.8,0,14,rent,6070.66,major_purchase,0
38,82305.73,545,0.3994,0.2125,11.5,2,12,rent,14273.22,moving,1
28,68952.73,663,0.5042,0.3257,3.6,1,19,rent,3750.46,other,0
56,98496.43,547,0.1657,0.2663,10.4,0,9,mortgage,15881.02,auto,0
44,41389.23,592,0.3513,0.2019,7.8,0,9,mortgage,6241.18,moving,0
42,38931.64,761,0.4786,0.287,14.5,0,11,mortgage,13538.33,debt_consolidation,0
69,130892.59,608,0.229,0.4883,0.6,0,13,rent,11747.39,debt_consolidation,0
20,36053.02,770,0.4626,0.1872,9.1,1,6,mortgage,5974.23,other,0
41,40528.75,732,0.3304,0.6192,7.9,0,14,rent,5751.75,other,0
34,65820.86,762,0.141,0.1427,0.6,0,17,mortgage,5233.53,debt_consolidation,0
36,41849.03,667,0.2647,0.4956,0.0,0,12,mortgage,3532.8,debt_consolidation,0
18,135576.24,649,0.2805,0.0601,0.1,0,12,own,8880.06,wedding,0
24,48268.71,575,0.3436,0.239,0.0,1,12,rent,3784.65,vacation,0
40,38091.71,657,0.375,0.3674,1.2,0,13,mortgage,12873.08,moving,0
18,80021.81,501,0.3542,0.3792,11.1,0,12,mortgage,12871.31,major_purchase,0
44,74341.16,731,0.0404,0.6399,0.0,1,4,mortgage,15599.35,moving,0
32,29818.77,716,0.3816,0.7773,2.5,0,10,mortgage,5447.5,major_purchase,0
39,27520.4,680,0.0998,0.4324,4.8,1,16,own,3423.3,credit_card,0
28,43443.58,693,0.4962,0.1294,4.1,0,15,rent,12353.47,wedding,0
55,38941.82,612,0.4715,0.537,16.1,3,15,own,14663.25,moving,1
25,88210.16,800,0.1223,0.4362,2.1,0,9,mortgage,10568.37,credit_card,0
33,182694.19,578,0.2848,0.1956,0.4,1,6,rent,24815.35,major_purchase,0
37,35760.33,732,0.3008,0.8194,4.5,0,4,own,13225.96,credit_card,0
46,31867.67,742,0.3114,0.5741,1.9,4,10,mortgage,13030.49,wedding,0
26,82430.79,746,0.2791,0.2497,0.0,1,10,rent,3131.6,medical,0
28,48141.84,773,0.1237,0.5189,5.5,0,0,rent,6749.81,wedding,0
18,50926.6,638,0.2161,0.7904,15.3,1,15,mortgage,6045.43,debt_consolidation,0
54,19635.58,631,0.3835,0.6705,2.3,0,12,own,7197.83,major_purchase,0
31,113154.01,719,0.1883,0.3737,14.3,0,5,own,9141.26,credit_card,0
18,77175.93,694,0.3177,0.5833,6.7,0,10,own,17715.48,auto,0
18,72526.4,682,0.4181,0.2603,3.0,4,7,own,20525.49,wedding,0
43,73048.14,696,0.1485,0.3335,2.4,0,9,mortgage,20334.12,moving,0
47,172943.47,709,0.0194,0.4028,5.3,1,7,mortgage,4658.21,major_purchase,0
28,25417.23,850,0.3269,0.2448,5.7,1,17,mortgage,9311.6,other,0
32,150251.41,678,0.3673,0.7551,7.8,0,16,rent,8275.33,credit_card,1
34,63351.66,683,0.327,0.3729,8.8,0,13,rent,9564.74,debt_consolidation,0
40,32967.8,687,0.3345,0.1515,12.2,1,6,rent,11274.58,credit_card,0
31,107428.92,593,0.1941,0.5343,9.4,0,6,own,3562.96,auto,0
31,27823.45,674,0.2287,0.0808,4.9,1,17,mortgage,3322.45,vacation,0
37,132927.14,626,0.3349,0.1743,2.9,0,5,rent,9093.92,wedding,1
36,184427.13,712,0.3912,0.0743,3.2,3,9,mortgage,10217.79,debt_consolidation,0
30,54878.29,675,0.4068,0.1637,0.0,2,17,rent,4098.63,medical,1
40,52005.82,608,0.2922,0.3443,4.3,0,6,mortgage,5386.72,credit_card,0
53,54199.51,662,0.4515,0.2738,11.9,0,11,rent,13431.41,major_purchase,0
56,159044.05,709,0.136,0.6091,3.6,2,11,mortgage,8491.62,vacation,0
33,70129.93,549,0.6,0.1461,13.1,0,10,mortgage,10269.01,other,1
48,52829.11,522,0.1859,0.2929,6.5,0,5,rent,15156.41,credit_card,0
46,158937.43,640,0.3417,0.2532,12.6,0,6,mortgage,8233.14,auto,0
42,91490.2,683,0.0774,0.3453,0.0,1,2,rent,3158.21,auto,0
36,25935.47,749,0.2071,0.5082,11.3,0,11,rent,10859.08,debt_consolidation,0
33,43016.95,751,0.395,0.1494,0.0,1,14,rent,11911.44,moving,0
45,91689.43,674,0.2472,0.847,1.4,2,13,own,21032.95,auto,0
35,70810.75,635,0.5275,0.0439,12.7,0,7,mortgage,9346.79,auto,0
41,48894.55,734,0.0994,0.4396,19.0,3,11,rent,12280.8,credit_card,0
37,192720.72,781,0.2931,0.6638,0.7,2,8,rent,1834.75,moving,0
30,39669.07,624,0.2413,0.4487,3.1,0,10,rent,6626.48,wedding,0
40,42874.62,618,0.0,0.7777,8.5,2,16,own,8487.61,wedding,0
33,57904.87,581,0.3117,0.344,8.0,2,11,mortgage,8001.0,wedding,0
32,42753.83,695,0.4892,0.3543,2.6,1,3,mortgage,6447.84,moving,0
18,107630.19,589,0.3659,0.0445,13.5,0,13,rent,28987.17,debt_consolidation,0
36,34076.42,651,0.2965,0.0719,8.6,3,8,own,6629.83,medical,1
46,38535.52,628,0.2175,0.7216,8.0,1,14,rent,5737.66,home_improvement,0
22,34601.32,728,0.3806,0.0216,11.4,1,10,rent,4617.37,wedding,0
36,92635.35,689,0.4895,0.5483,10.3,0,9,rent,3641.77,vacation,0
53,103016.51,742,0.3335,0.3849,5.5,0,6,own,7589.89,vacation,0
26,22898.26,620,0.2011,0.1166,2.9,0,5,mortgage,11713.53,major_purchase,0
29,28987.47,724,0.5038,0.5467,7.3,2,10,own,5273.97,auto,0
48,50619.28,600,0.3352,0.1612,7.9,0,3,mortgage,20495.15,vacation,0
38,152565.8,634,0.3336,0.5995,7.6,0,12,rent,11776.62,moving,0
36,142309.68,693,0.2575,0.2664,9.2,0,2,rent,8732.45,home_improvement,1
44,68682.43,789,0.275,0.2502,4.9,1,4,mortgage,1669.98,wedding,0
43,23226.39,719,0.3724,0.7813,5.6,0,13,rent,5753.72,other,0
42,31237.08,591,0.2706,0.2442,11.3,0,0,mortgage,4872.45,moving,0
44,39315.48,827,0.2694,0.4682,0.0,0,10,rent,7128.26,auto,0
35,31395.66,500,0.2592,0.2491,10.5,0,13,rent,6475.91,wedding,1
49,77371.94,799,0.3656,0.1497,0.0,2,8,rent,4990.8,medical,0
49,46496.05,739,0.1337,0.6773,8.5,0,14,rent,26997.3,major_purchase,0
20,25844.29,660,0.1945,0.1184,9.4,0,12,mortgage,21178.15,vacation,0
27,30192.96,630,0.4593,0.2489,0.3,0,17,rent,9464.55,vacation,0
54,192487.44,782,0.3675,0.6494,4.2,0,18,rent,27576.2,vacation,1
55,25594.15,734,0.5428,0.4975,8.4,0,4,mortgage,3664.28,medical,0
36,87524.42,500,0.4304,0.2389,7.0,0,11,rent,9812.09,auto,1
48,86677.77,544,0.4332,0.3431,6.6,0,12,mortgage,12424.52,moving,0
39,137224.28,790,0.3648,0.052,9.3,0,9,rent,6404.58,credit_card,0
28,60887.68,553,0.2112,0.4281,11.1,3,14,rent,4828.13,vacation,0
27,33164.69,789,0.3372,0.565,3.6,1,5,rent,18010.2,medical,0
34,81623.5,777,0.3184,0.1997,6.1,0,10,rent,7138.45,auto,0
24,31634.41,671,0.2923,0.7075,5.4,1,8,rent,4462.13,other,0
30,80535.66,777,0.4071,0.3579,8.0,0,13,own,1932.64,auto,0
33,47275.97,753,0.0954,0.4047,13.6,3,8,mortgage,20770.66,auto,0
29,43744.49,615,0.2578,0.2304,1.0,2,1,rent,7891.97,other,1
18,72311.27,584,0.0928,0.307,0.9,0,5,mortgage,3671.27,debt_consolidation,0
37,49926.87,828,0.204,0.299,5.6,3,9,rent,10862.73,medical,0
48,56339.06,840,0.4766,0.4206,6.5,0,12,own,9418.0,home_improvement,0
45,34599.8,571,0.3786,0.299,1.2,1,19,mortgage,8132.92,major_purchase,0
23,83882.98,842,0.2872,0.7502,11.8,1,11,rent,9160.0,medical,0
43,48507.82,691,0.3085,0.5438,7.5,3,12,rent,12816.75,medical,0
49,47568.8,850,0.0823,0.5417,10.4,2,5,mortgage,11088.32,other,0
34,31917.65,759,0.3454,0.2561,7.7,0,17,own,20696.98,auto,0
23,46617.4,673,0.2507,0.2689,14.0,4,11,mortgage,7391.67,other,0
52,75796.14,803,0.2384,0.3438,4.2,1,6,rent,7563.26,other,0
37,41888.36,674,0.1971,0.7243,6.1,0,10,own,18084.56,wedding,0
52,57263.6,828,0.327,0.2605,3.0,1,0,mortgage,7231.89,major_purchase,0
27,43138.41,638,0.2646,0.6785,2.5,1,19,rent,3238.8,auto,1
30,40206.85,586,0.3983,0.4749,7.3,0,16,mortgage,15141.67,medical,1
47,51457.94,744,0.397,0.07,0.0,1,1,own,3630.48,medical,0
33,53399.67,708,0.1129,0.3167,7.6,1,14,mortgage,11769.71,debt_consolidation,0
23,60234.72,644,0.2498,0.522,4.1,0,8,own,7131.73,vacation,0
23,134575.92,726,0.1891,0.4296,10.6,0,7,rent,8258.54,auto,0
42,39530.53,500,0.1796,0.6009,0.0,1,12,mortgage,7435.96,debt_consolidation,1
64,85073.63,811,0.3836,0.1466,7.1,4,4,rent,13538.01,credit_card,0
45,34147.01,632,0.1401,0.46,3.6,0,1,own,24344.69,home_improvement,0
32,61449.17,633,0.2532,0.0971,6.2,0,17,mortgage,4943.34,vacation,0
37,66751.88,738,0.4064,0.0597,7.1,1,14,own,17442.81,medical,0
48,43272.85,650,0.1697,0.3531,2.8,1,13,rent,5014.95,vacation,0
33,58959.19,501,0.4743,0.0693,6.4,0,12,rent,8810.34,medical,0
37,37262.24,580,0.1951,0.531,3.1,0,7,rent,9972.52,moving,1
34,28673.22,630,0.2221,0.1285,9.8,0,3,own,2673.68,medical,0
32,75037.51,741,0.1873,0.7277,4.3,0,14,mortgage,9153.68,credit_card,0
31,96034.43,711,0.3051,0.044,3.0,0,9,own,10456.9,vacation,0
36,39538.33,681,0.1297,0.5884,3.0,0,2,mortgage,8283.32,vacation,0
35,31268.97,662,0.2237,0.6854,6.5,0,15,own,3931.91,other,0
41,128701.92,695,0.1825,0.1654,9.8,1,5,mortgage,6892.0,major_purchase,0
48,23425.66,761,0.181,0.6172,4.0,1,17,own,42080.34,major_purchase,0
53,47270.92,617,0.1356,0.6755,2.2,0,6,mortgage,3847.29,auto,0
37,78292.74,693,0.0049,0.0812,2.8,1,9,rent,10443.22,other,0
46,27976.38,666,0.336,0.3417,7.3,1,8,rent,14866.6,medical,0
57,122990.12,775,0.3547,0.456,0.0,1,2,rent,5330.78,credit_card,0
41,49912.38,690,0.3943,0.6496,19.1,0,7,own,6099.55,major_purchase,0
34,61078.04,696,0.3711,0.1869,0.0,1,15,mortgage,3956.94,auto,0
35,18195.91,655,0.1928,0.207,1.8,0,8,rent,11223.85,medical,0
25,32567.3,678,0.2621,0.286,3.9,0,10,rent,10192.13,vacation,0
32,22409.48,680,0.1638,0.317,0.0,0,11,mortgage,17664.27,debt_consolidation,0
36,17765.03,704,0.1487,0.4705,10.0,0,10,mortgage,7043.77,debt_consolidation,0
39,80624.22,657,0.4653,0.6667,7.1,1,10,rent,14834.41,debt_consolidation,0
26,57830.5,624,0.4702,0.517,8.7,1,7,rent,10635.62,other,1
24,39681.87,684,0.1722,0.0968,9.8,0,9,rent,19900.06,major_purchase,0
60,56871.51,758,0.3463,0.5849,5.2,0,20,mortgage,6770.51,debt_consolidation,1
30,28724.26,750,0.0856,0.1906,0.0,0,7,rent,8075.68,wedding,0
26,166709.11,724,0.3771,0.2394,6.2,1,8,mortgage,5647.14,vacation,0
18,50686.53,685,0.3903,0.4344,10.4,0,6,own,6168.81,medical,0
32,45288.24,666,0.5174,0.2528,11.9,0,9,rent,5428.69,medical,0
37,33671.07,561,0.0806,0.0702,12.8,3,9,mortgage,1423.12,credit_card,0
51,102524.93,602,0.3305,0.2044,3.1,0,8,mortgage,11916.88,moving,0
29,60588.4,777,0.5311,0.5319,0.9,0,15,own,2236.04,debt_consolidation,0
37,33115.7,750,0.2747,0.3792,8.8,0,13,mortgage,11257.48,home_improvement,0
18,98801.04,737,0.1771,0.5573,1.6,1,6,mortgage,5096.55,other,0
25,77336.07,784,0.3395,0.268,0.0,0,10,rent,6235.41,wedding,0
56,65126.59,732,0.1173,0.4185,2.8,1,15,mortgage,2155.15,vacation,0
32,47376.28,534,0.291,0.694,6.2,0,14,rent,10378.55,credit_card,0
59,49914.48,689,0.2601,0.4807,8.5,0,11,rent,3929.6,moving,0
43,19906.74,753,0.1888,0.5327,0.0,0,1,rent,6211.4,credit_card,0
25,250000.0,722,0.1248,0.3021,5.7,1,11,mortgage,5427.38,debt_consolidation,0
41,34365.72,695,0.2437,0.0582,15.3,0,14,rent,11931.23,debt_consolidation,0
27,70925.6,607,0.1461,0.3726,13.9,1,12,rent,6009.63,home_improvement,0
25,57210.74,702,0.3001,0.6246,6.2,4,0,mortgage,13531.95,wedding,0
60,61386.31,602,0.4559,0.2393,0.0,0,8,rent,6358.3,credit_card,0
26,108963.43,624,0.2555,0.3537,8.6,0,8,own,8376.09,credit_card,0
25,42589.55,732,0.2311,0.3655,10.1,0,10,own,3697.39,home_improvement,0
39,96530.47,714,0.039,0.3847,3.0,1,10,mortgage,4405.82,auto,0
38,49806.46,532,0.5203,0.2864,21.8,0,5,mortgage,4437.13,debt_consolidation,0
23,26953.18,662,0.126,0.3116,5.6,0,15,mortgage,11436.77,medical,0
48,24073.52,725,0.3272,0.347,6.0,1,14,own,11438.29,home_improvement,0
22,124140.7,710,0.3292,0.3819,4.0,0,14,mortgage,7889.77,credit_card,0
34,40084.67,803,0.3548,0.5259,8.9,2,14,own,28798.3,moving,0
46,163663.67,728,0.15,0.3151,1.7,0,11,rent,7070.82,moving,0
37,120664.42,850,0.2023,0.4839,8.9,2,5,mortgage,16273.56,wedding,0
51,137176.31,685,0.1706,0.4341,2.8,0,1,mortgage,8138.84,credit_card,0
36,52945.33,781,0.5412,0.4357,13.2,0,7,rent,20621.35,medical,0
36,66566.45,534,0.1213,0.2139,8.4,0,10,rent,14925.71,vacation,0
43,33069.54,735,0.2615,0.2162,11.6,1,11,rent,21017.35,debt_consolidation,0
48,30264.86,728,0.1083,0.5362,0.0,0,4,rent,9850.61,credit_card,0
33,81153.07,651,0.321,0.8296,7.1,0,10,rent,4388.52,moving,0
24,43248.11,590,0.4209,0.5776,9.1,1,8,rent,9066.86,auto,0
18,34558.38,784,0.1397,0.2679,8.8,1,9,rent,8614.65,moving,0
38,69871.58,744,0.3257,0.5255,1.1,0,9,rent,2734.01,auto,0
26,49952.08,671,0.1376,0.2457,9.0,5,7,mortgage,8702.49,wedding,0
28,32112.6,781,0.2662,0.3451,18.4,3,15,mortgage,18640.12,home_improvement,0
55,50147.49,719,0.1383,0.467,5.6,0,13,rent,3395.79,debt_consolidation,0
18,46089.93,655,0.0,0.5296,5.4,3,12,rent,8422.69,home_improvement,0
27,91737.0,592,0.3127,0.4571,0.4,0,10,mortgage,6197.1,credit_card,0
23,40348.67,645,0.4846,0.4086,9.4,0,0,rent,3411.09,wedding,1
69,47284.87,659,0.2207,0.0385,9.0,1,5,own,5738.8,moving,0
41,70489.01,644,0.3233,0.6842,4.8,0,18,mortgage,4651.35,vacation,0
41,98520.66,629,0.3203,0.1439,0.5,0,9,rent,32537.68,moving,0
18,163420.47,691,0.3654,0.1338,5.0,0,6,mortgage,3122.57,vacation,0
51,68294.92,697,0.219,0.3494,11.4,0,13,own,10642.47,debt_consolidation,0
33,31619.32,682,0.396,0.5013,18.0,1,14,mortgage,10663.63,moving,0
34,25533.4,724,0.3166,0.1903,1.0,1,20,mortgage,3429.53,auto,0
46,54635.52,595,0.2638,0.5061,6.6,0,0,own,7126.83,other,0
26,40297.9,676,0.163,0.4106,15.7,0,14,rent,36444.99,medical,0
39,53720.58,575,0.2654,0.3671,11.1,3,1,rent,22603.51,vacation,0
47,81925.1,764,0.2885,0.4952,8.0,0,17,mortgage,15608.94,home_improvement,0
41,35944.46,769,0.2708,0.2165,12.3,0,11,rent,14441.54,home_improvement,0
39,168408.35,644,0.3241,0.2747,1.0,2,4,rent,10713.24,home_improvement,0
60,33907.03,744,0.3548,0.3962,9.5,0,8,mortgage,5481.05,major_purchase,0
44,81981.8,709,0.2368,0.6523,7.5,1,7,mortgage,10908.33,wedding,0
52,31635.52,703,0.2905,0.5304,0.0,0,13,mortgage,9701.84,auto,1
20,44290.37,631,0.3187,0.2464,4.8,0,8,rent,2432.21,major_purchase,1
36,30536.77,709,0.5002,0.346,6.2,2,3,own,4397.23,moving,0
40,60335.68,568,0.3756,0.263,1.7,1,16,mortgage,3482.81,other,0
45,67037.67,682,0.263,0.6649,13.0,2,15,rent,7990.13,debt_consolidation,1
36,41263.21,659,0.3548,0.6397,0.0,0,3,own,5654.35,auto,0
42,120205.59,764,0.1987,0.7227,0.0,0,5,mortgage,6009.96,wedding,0
51,53532.91,703,0.3699,0.5099,6.3,0,10,mortgage,8555.39,wedding,1
48,45454.93,638,0.3212,0.3223,11.3,0,3,rent,3885.81,moving,0
27,84678.56,668,0.2116,0.4197,6.6,1,10,mortgage,20506.4,wedding,1
49,60726.11,710,0.4647,0.3242,5.0,0,12,rent,1418.45,credit_card,0
20,62572.31,678,0.1501,0.1708,5.5,1,5,rent,7874.31,major_purchase,0
36,76185.2,638,0.3479,0.3104,5.5,4,13,rent,7385.52,major_purchase,0
26,105884.69,663,0.4001,0.5664,9.2,2,9,own,5257.93,major_purchase,0
55,183614.39,693,0.4036,0.2474,6.1,0,19,rent,6323.56,auto,0
62,32560.8,801,0.3634,0.3343,5.4,2,8,mortgage,10538.67,home_improvement,0
66,19278.62,744,0.2637,0.275,8.2,2,13,mortgage,4201.57,wedding,0
49,24495.5,724,0.1721,0.5986,9.7,1,10,rent,9824.58,debt_consolidation,0
37,80000.45,716,0.3879,0.1496,7.7,3,16,rent,4689.13,home_improvement,1
31,48373.69,695,0.1548,0.2428,10.9,3,11,rent,4240.2,other,0
30,15000.0,687,0.3172,0.5912,3.6,0,0,rent,10717.32,vacation,0
58,155341.76,705,0.1286,0.1469,7.7,0,6,mortgage,5082.96,debt_consolidation,0
31,82904.28,542,0.1935,0.4912,0.0,3,2,own,29180.46,home_improvement,1
18,51217.66,664,0.4058,0.4536,0.0,0,13,rent,7538.66,wedding,0
39,37919.75,661,0.1898,0.2016,7.1,0,14,rent,6873.7,home_improvement,0
50,48375.22,704,0.3062,0.7096,5.7,0,3,own,20967.18,wedding,0
47,62734.45,685,0.1081,0.1958,1.4,0,10,mortgage,17232.93,moving,0
38,52588.05,698,0.1079,0.3305,0.0,0,6,rent,6856.34,credit_card,1
67,95725.74,711,0.2037,0.6597,4.6,2,6,own,4191.77,home_improvement,1
34,55565.88,657,0.1553,0.493,6.6,0,14,own,1622.69,debt_consolidation,0
25,45548.19,693,0.3457,0.4414,10.4,0,13,rent,18244.62,debt_consolidation,0
48,57849.15,745,0.2045,0.8189,6.1,0,15,own,6851.7,wedding,0
21,45715.05,721,0.3717,0.2064,0.1,0,2,rent,20094.0,medical,0
38,59395.36,768,0.2768,0.4029,5.2,1,5,own,10611.17,vacation,0
50,53992.63,542,0.1144,0.3374,12.9,1,15,mortgage,18938.41,other,0
18,83211.59,680,0.3263,0.4986,3.5,1,13,rent,7375.74,debt_consolidation,0
38,63099.12,737,0.2953,0.5776,5.0,4,6,rent,3051.61,other,0
59,45709.25,689,0.2914,0.5072,0.4,0,16,rent,10052.71,moving,1
39,133012.36,715,0.4001,0.6665,7.0,0,7,rent,7756.58,medical,0
43,48710.26,621,0.4841,0.1866,4.4,0,5,rent,9090.9,debt_consolidation,0
36,70521.51,680,0.4068,0.4341,0.0,2,11,rent,12473.33,debt_consolidation,1
25,57885.85,688,0.2781,0.2141,3.7,1,9,mortgage,7102.0,other,0
41,38680.78,688,0.2313,0.7084,9.7,7,18,mortgage,2063.19,moving,0
48,138120.47,599,0.0,0.7276,6.6,0,10,mortgage,10776.86,medical,0
54,72126.06,708,0.1629,0.5163,11.9,0,5,own,6935.36,wedding,0
43,109011.36,739,0.5271,0.4418,0.0,0,11,rent,8403.97,major_purchase,0
26,114327.69,660,0.1903,0.5976,8.5,0,11,mortgage,6619.87,vacation,0
30,85203.59,589,0.4526,0.4566,2.7,0,14,rent,8369.29,vacation,0
27,89607.99,680,0.3746,0.5022,1.4,0,4,rent,5019.44,moving,0
47,43108.98,732,0.4918,0.5511,10.7,2,10,rent,19051.54,other,0
20,34763.24,745,0.363,0.2657,3.1,1,10,rent,6686.63,moving,0
50,103908.52,730,0.1944,0.1557,21.3,1,8,rent,5362.33,moving,0
29,38073.84,677,0.1991,0.3964,0.7,0,11,mortgage,6491.56,wedding,0
28,60444.92,655,0.3163,0.6657,2.2,0,12,rent,9710.76,debt_consolidation,0
56,41020.77,609,0.1993,0.4395,10.9,0,4,rent,3765.96,auto,0
27,78258.37,641,0.3189,0.3603,1.8,2,4,own,2378.65,home_improvement,1
27,63829.07,651,0.4359,0.4064,6.3,0,10,mortgage,32157.88,auto,0
40,49904.77,622,0.2076,0.4676,1.2,0,12,mortgage,12413.07,debt_consolidation,0
50,15600.66,779,0.4577,0.9118,9.5,0,15,rent,3545.5,medical,0
26,26889.25,802,0.3567,0.8316,0.0,0,6,mortgage,29162.81,home_improvement,0
28,53751.75,660,0.1413,0.512,2.3,0,6,rent,17973.26,vacation,1
58,43577.25,651,0.2355,0.4247,10.2,0,8,mortgage,7708.61,major_purchase,1
31,145533.85,641,0.2952,0.3275,8.1,1,11,rent,11180.33,vacation,0
42,39017.58,662,0.1926,0.445,14.4,7,14,rent,5351.86,medical,0
26,126680.65,692,0.2428,0.651,3.2,0,12,rent,2369.61,wedding,0
39,46569.25,604,0.2925,0.6503,8.7,0,20,own,10781.69,auto,1
34,41133.48,701,0.2432,0.2106,1.7,0,9,rent,26589.19,home_improvement,1
25,52534.11,659,0.356,0.2902,5.4,1,3,mortgage,11381.71,other,0
18,62067.82,717,0.0933,0.373,0.0,2,13,own,2499.76,auto,0
27,48316.37,620,0.3754,0.7743,11.3,0,7,rent,7653.57,debt_consolidation,1
48,82683.09,829,0.3673,0.835,17.9,0,6,rent,1970.95,moving,0
53,39936.98,724,0.2015,0.3324,0.0,2,13,rent,5511.28,major_purchase,0
36,55997.09,606,0.2275,0.139,2.2,2,20,mortgage,9373.54,other,0
59,64832.31,672,0.4037,0.363,8.9,1,13,own,3068.8,vacation,0
45,95650.61,700,0.2372,0.6825,1.3,0,5,mortgage,9116.79,auto,0
18,85453.99,623,0.338,0.1844,5.4,1,7,own,8477.53,medical,0
47,89807.07,587,0.2629,0.7417,6.2,0,15,rent,2368.99,major_purchase,0
65,54282.85,850,0.0638,0.3752,7.3,0,10,own,5389.41,wedding,0
64,71832.69,709,0.042,0.7465,3.3,0,11,own,9142.93,credit_card,0
45,59496.2,628,0.3643,0.3903,5.6,0,2,mortgage,10627.5,auto,0
44,175607.4,677,0.2462,0.3088,13.8,0,3,rent,7796.57,vacation,0
47,72296.07,626,0.2216,0.2869,16.0,1,11,rent,4533.46,home_improvement,0
34,45737.45,534,0.2504,0.4511,10.0,0,4,mortgage,9683.82,debt_consolidation,0
23,22340.87,665,0.3284,0.4105,3.3,2,3,rent,9630.75,medical,0
33,68427.89,690,0.3139,0.3109,0.0,0,5,mortgage,12684.53,medical,0
18,50805.41,750,0.2843,0.1237,6.0,0,16,rent,19340.3,credit_card,0
20,54870.67,614,0.2349,0.5233,8.2,0,10,rent,14718.27,major_purchase,0
69,73428.23,749,0.2935,0.0562,1.5,1,3,rent,21340.2,moving,0
25,33724.18,603,0.2556,0.744,7.0,0,2,mortgage,7681.77,debt_consolidation,0
43,105699.66,640,0.2418,0.0711,0.9,1,15,rent,10456.74,major_purchase,1
38,50921.43,656,0.2404,0.438,8.1,2,9,rent,16102.64,home_improvement,0
19,45090.07,627,0.3922,0.7176,7.6,0,17,rent,10120.51,credit_card,0
44,60320.98,614,0.183,0.1182,6.5,0,9,rent,16488.73,moving,0
34,32726.0,647,0.3769,0.1017,8.6,1,5,rent,4178.83,moving,0
31,89655.55,662,0.2515,0.2078,16.1,0,8,mortgage,2841.29,credit_card,0
43,52754.04,689,0.2682,0.4304,2.4,0,10,mortgage,2554.27,major_purchase,0
50,135298.94,647,0.3541,0.2759,0.1,2,13,own,11247.05,auto,0
22,104897.42,772,0.2844,0.4867,2.4,0,12,rent,6304.95,other,0
28,106013.95,755,0.1569,0.3085,9.4,1,0,own,6908.37,other,0
47,60075.19,632,0.3984,0.544,0.0,0,10,rent,4644.43,auto,0
35,36593.7,616,0.2351,0.5486,5.5,2,14,mortgage,25405.64,wedding,0
42,46484.36,716,0.1455,0.4807,7.0,0,17,rent,4915.43,home_improvement,0
38,21295.83,746,0.2664,0.2252,11.4,1,14,rent,21928.06,credit_card,0
27,53748.96,674,0.2245,0.4658,8.0,0,0,own,3153.01,moving,0
51,68380.97,713,0.3505,0.1553,3.5,0,10,rent,9570.38,major_purchase,0
32,48871.95,657,0.3075,0.6635,0.7,0,25,mortgage,14725.25,medical,0
51,76350.97,664,0.4636,0.5641,16.6,1,11,rent,9002.37,auto,1
42,62316.31,692,0.4667,0.4353,7.6,1,3,own,6566.97,home_improvement,0
36,76967.77,811,0.2953,0.2305,9.5,4,7,rent,3429.74,auto,0
34,42866.11,681,0.3866,0.2811,5.5,0,5,own,7676.9,vacation,0
34,71900.39,850,0.0497,0.1279,7.4,1,5,mortgage,9857.68,credit_card,0
54,36366.47,673,0.4813,0.4364,0.2,2,8,mortgage,17136.72,debt_consolidation,1
66,82019.71,810,0.2498,0.7686,1.4,0,11,own,15776.65,home_improvement,0
33,139751.97,606,0.4473,0.2103,0.0,2,21,rent,9193.0,vacation,1
33,29562.78,665,0.0988,0.3092,14.9,0,12,rent,3242.47,credit_card,0
34,52061.81,676,0.1914,0.169,7.4,0,9,rent,6193.42,wedding,0
37,58033.42,718,0.5571,0.6526,0.0,0,14,mortgage,39470.06,auto,0
39,121129.18,611,0.5125,0.5273,4.2,1,11,rent,2891.69,major_purchase,0
40,16936.49,814,0.4523,0.6458,14.7,0,6,own,23623.19,major_purchase,0
43,83835.84,686,0.4502,0.2368,10.6,0,14,own,18641.82,medical,0
28,71892.6,713,0.3906,0.1378,2.9,0,14,rent,10185.48,home_improvement,0
23,60009.74,687,0.4234,0.4039,13.0,2,13,rent,7354.87,medical,0
46,43511.97,701,0.1202,0.2382,9.4,1,0,mortgage,3695.17,other,0
45,250000.0,795,0.2112,0.258,12.6,0,9,rent,5315.6,vacation,0
54,96690.4,597,0.3577,0.2144,10.1,0,2,own,10996.03,major_purchase,0
38,107425.37,513,0.0555,0.6336,2.4,0,1,mortgage,5242.0,moving,0
23,61914.87,730,0.4959,0.2216,13.2,3,6,mortgage,4134.86,credit_card,0
44,149991.51,694,0.1137,0.8171,0.0,0,8,mortgage,3268.09,moving,1
63,39088.19,583,0.3635,0.4433,3.2,0,8,rent,5324.87,credit_card,0
54,31537.02,671,0.3623,0.4014,11.3,0,11,own,3911.17,other,0
26,136125.18,694,0.24,0.6628,4.3,1,10,own,7179.0,auto,0
40,26831.4,564,0.4536,0.3146,6.4,0,6,rent,9526.45,moving,1
53,95369.29,670,0.4784,0.294,0.0,5,16,own,16968.55,moving,0
46,54323.43,691,0.4968,0.4507,11.0,0,5,rent,6250.27,medical,0
18,27637.34,580,0.2876,0.1668,0.0,0,21,mortgage,6016.22,debt_consolidation,0
39,137249.0,706,0.2067,0.7227,7.8,0,8,mortgage,5856.5,auto,0
18,77294.67,778,0.2889,0.1956,13.8,0,2,mortgage,8720.97,debt_consolidation,0
37,73146.97,630,0.1812,0.2782,1.4,1,11,rent,5035.95,credit_card,0
46,121877.04,588,0.4089,0.4345,0.0,4,0,rent,3225.75,medical,1
46,63667.64,674,0.3229,0.3964,11.6,1,13,rent,28271.2,vacation,0
50,85911.47,733,0.1526,0.445,9.1,4,6,own,10074.87,vacation,1
18,121453.12,637,0.2067,0.7991,7.6,0,9,rent,19109.65,credit_card,0
54,52201.71,783,0.2496,0.3946,8.6,0,15,rent,5359.57,moving,0
29,250000.0,661,0.2458,0.331,15.2,0,8,rent,11753.4,auto,0
29,66630.79,772,0.2485,0.2103,14.0,2,15,mortgage,4252.55,home_improvement,0
21,89029.39,724,0.3806,0.3834,6.4,1,11,rent,11018.88,auto,0
33,86215.33,728,0.3965,0.2786,6.3,0,12,mortgage,47838.78,wedding,0
50,40125.83,656,0.3578,0.1981,1.4,1,10,rent,12458.75,wedding,1
62,110012.41,738,0.3418,0.2304,12.3,0,9,rent,13090.59,vacation,0
70,26183.79,731,0.2339,0.3294,6.4,1,12,mortgage,3276.9,credit_card,0
23,15000.0,620,0.2976,0.2694,0.2,1,11,rent,5812.85,auto,0
26,61807.47,726,0.2523,0.357,2.8,2,7,rent,3870.78,wedding,0
41,32408.47,682,0.3111,0.5531,12.0,1,10,rent,7708.13,other,0
35,45124.31,630,0.0408,0.0973,4.8,0,19,own,16510.76,vacation,0
36,52510.66,832,0.2453,0.3263,11.5,1,4,mortgage,5533.22,other,0
34,94487.54,612,0.1073,0.1831,10.9,2,12,rent,15028.46,debt_consolidation,0
23,15856.91,766,0.0292,0.1754,3.6,1,12,mortgage,28314.49,medical,0
42,19639.49,680,0.2597,0.5417,11.2,0,6,mortgage,3167.33,auto,0
63,45180.49,640,0.2615,0.4406,10.1,1,9,mortgage,8011.35,auto,0
26,41173.9,710,0.3969,0.7369,13.9,3,11,rent,8159.19,moving,1
25,72237.16,788,0.1369,0.4685,1.3,0,5,own,9593.81,auto,0
33,35604.72,775,0.1877,0.2734,6.9,0,10,mortgage,9392.32,home_improvement,0
42,88249.87,698,0.3464,0.2142,13.8,1,16,own,4762.13,medical,0
39,58972.25,575,0.3566,0.2847,5.1,2,10,rent,1446.93,major_purchase,1
23,35154.56,701,0.491,0.5838,5.7,1,10,rent,10317.16,wedding,0
41,122215.93,657,0.2247,0.2353,5.1,0,12,rent,13832.23,credit_card,1
18,23100.49,634,0.1816,0.1531,12.2,1,9,rent,13323.63,credit_card,0
36,42453.12,635,0.2279,0.4645,6.0,0,8,own,10692.04,debt_consolidation,0
28,34050.41,623,0.067,0.2601,0.0,2,9,rent,6227.9,home_improvement,0
42,119733.98,515,0.2882,0.4411,9.3,0,5,rent,3782.52,auto,0
26,26791.97,615,0.426,0.402,6.5,0,13,own,2643.64,moving,1
38,104079.63,619,0.1383,0.3286,4.4,1,14,own,10411.19,medical,0
39,16640.88,785,0.4489,0.4311,10.2,0,5,rent,7596.29,wedding,0
33,207776.65,809,0.1168,0.7844,3.1,0,13,mortgage,3871.92,auto,0
43,24700.24,624,0.3572,0.1516,11.7,0,8,rent,9671.62,auto,0
37,60388.25,683,0.308,0.131,2.6,3,8,mortgage,7384.04,wedding,0
40,39923.22,640,0.1958,0.4189,9.5,0,17,mortgage,10479.21,major_purchase,0
24,164176.87,742,0.3514,0.775,7.0,2,8,mortgage,2791.2,credit_card,0
36,34620.72,608,0.233,0.6375,17.8,0,15,own,3910.16,debt_consolidation,0
46,83946.34,673,0.279,0.4102,9.1,0,6,own,18345.74,auto,0
34,75159.31,599,0.0768,0.4599,0.0,0,14,mortgage,5766.15,auto,0
38,32086.72,769,0.377,0.2395,3.0,0,15,mortgage,7240.03,moving,0
35,53205.22,511,0.2298,0.4076,8.4,0,10,mortgage,9307.46,home_improvement,1
37,71081.53,663,0.2476,0.7464,0.0,0,4,mortgage,6955.7,credit_card,0
51,43621.66,699,0.3804,0.572,11.4,0,10,rent,4006.63,major_purchase,0
32,57059.91,760,0.1344,0.4406,2.1,0,17,own,4319.82,medical,1
39,67072.45,677,0.234,0.5105,10.1,1,0,rent,7401.28,vacation,1
50,34157.12,685,0.4034,0.4818,11.0,0,11,mortgage,4316.16,vacation,0
39,92154.05,739,0.3161,0.6867,7.1,5,9,mortgage,6364.9,debt_consolidation,0
25,41321.9,736,0.2083,0.5127,2.0,0,2,rent,6876.69,medical,0
41,145378.55,625,0.2736,0.5578,9.8,0,1,own,7308.67,home_improvement,0
30,113587.95,706,0.4346,0.6626,7.3,3,8,rent,11181.74,vacation,0
58,32887.02,768,0.2423,0.3487,6.8,0,8,own,4805.82,debt_consolidation,0
30,51127.8,796,0.074,0.1955,4.4,0,10,mortgage,13663.72,wedding,0
54,34134.02,577,0.2502,0.5473,6.7,2,6,rent,13938.35,auto,1
18,115622.4,707,0.3078,0.6346,10.8,0,15,rent,11792.56,other,0
33,40960.52,763,0.342,0.5101,5.6,2,5,rent,4363.99,other,0
38,33949.08,740,0.4496,0.2315,7.9,1,4,mortgage,6737.35,moving,0
35,60641.18,794,0.4143,0.2054,12.8,0,17,rent,1528.35,other,0
33,116151.92,709,0.3548,0.4468,1.4,2,11,mortgage,4996.61,home_improvement,0
21,35255.05,694,0.0766,0.3887,12.7,1,7,rent,6925.62,home_improvement,0
50,39563.26,762,0.2252,0.6021,0.0,0,7,rent,40999.95,other,0
42,91390.64,614,0.5459,0.7226,1.9,1,13,rent,7034.09,moving,1
32,155985.72,659,0.2201,0.4054,4.8,0,9,rent,5741.79,home_improvement,0
22,56365.15,699,0.1256,0.6694,3.6,2,18,mortgage,12859.12,home_improvement,0
25,91824.95,601,0.1608,0.6205,10.4,4,16,mortgage,12261.68,credit_card,0
53,94109.73,765,0.2831,0.2909,0.0,0,11,mortgage,10080.67,wedding,0
21,19623.75,722,0.3134,0.041,10.0,1,2,rent,24943.54,major_purchase,0
39,38330.03,689,0.2158,0.2403,8.0,0,19,rent,1967.45,moving,0
57,74923.36,816,0.5864,0.2668,8.1,2,10,rent,12496.09,home_improvement,0
34,92426.2,803,0.3463,0.1581,1.0,0,16,mortgage,9223.4,wedding,0
22,65684.04,526,0.3055,0.8345,5.7,0,16,rent,6034.03,debt_consolidation,1
45,18762.2,638,0.1281,0.6433,1.2,0,9,rent,14020.65,other,0
48,75525.77,719,0.2097,0.6629,10.9,0,7,mortgage,4392.5,other,0
58,63644.52,630,0.3431,0.6448,7.2,0,13,mortgage,4872.04,wedding,0
23,73460.0,640,0.2597,0.4224,9.4,0,6,rent,3059.48,home_improvement,0
33,67117.5,737,0.4374,0.4128,5.1,1,10,rent,8481.3,moving,0
44,59626.53,709,0.1366,0.554,4.8,1,4,own,10915.78,wedding,0
24,78329.19,670,0.3023,0.2904,0.0,3,6,rent,16835.77,auto,0
26,45605.19,674,0.2332,0.2851,14.3,4,7,rent,4538.42,debt_consolidation,0
44,28988.35,598,0.4498,0.3656,4.9,1,2,own,9015.26,auto,0
58,54635.27,682,0.171,0.2566,2.3,1,20,rent,18882.05,medical,1
43,36944.6,567,0.2463,0.5556,6.4,1,18,mortgage,12460.36,vacation,0
39,54723.08,522,0.4315,0.419,5.5,2,9,rent,22949.38,vacation,1
41,65185.22,765,0.2515,0.1991,5.5,2,11,rent,6807.89,major_purchase,0
31,51977.88,724,0.3018,0.0962,2.3,1,8,rent,3653.69,major_purchase,0
45,43639.55,663,0.4095,0.8331,7.9,0,17,own,9157.86,debt_consolidation,0
32,26294.52,741,0.1312,0.5048,0.0,0,11,own,3609.12,moving,0
40,36473.15,651,0.2578,0.0935,8.3,0,1,rent,9622.95,debt_consolidation,0
50,41328.43,748,0.2559,0.7059,3.7,3,13,rent,5064.3,moving,1
42,166280.0,625,0.3382,0.3039,6.0,4,13,rent,5132.26,moving,1
53,20366.54,722,0.3486,0.3343,0.0,2,12,rent,1374.07,moving,0
34,37720.38,762,0.2078,0.3157,12.3,1,1,mortgage,8280.09,vacation,0
32,44719.22,714,0.3161,0.2437,3.4,0,5,rent,7518.47,wedding,0
24,89221.32,741,0.1622,0.2824,17.0,1,10,mortgage,6011.06,home_improvement,0
49,200900.87,640,0.1172,0.2665,7.3,0,12,mortgage,9363.36,vacation,0
35,25018.15,809,0.145,0.2908,6.8,0,6,mortgage,6503.73,wedding,0
59,169259.94,654,0.3982,0.8572,0.0,0,3,rent,7861.2,vacation,0
43,18141.62,712,0.1557,0.7498,6.9,3,8,rent,31617.18,credit_card,0
51,93892.4,660,0.2405,0.6299,2.3,0,9,mortgage,3436.74,major_purchase,0
35,163458.16,782,0.2442,0.1598,13.6,1,15,own,3045.16,medical,0
40,34885.63,656,0.279,0.2173,0.0,3,4,rent,3023.95,major_purchase,0
39,37770.51,706,0.4719,0.1586,8.1,1,12,own,11366.17,major_purchase,0
42,57241.44,683,0.3374,0.6723,0.0,1,5,rent,7073.0,debt_consolidation,0
46,45585.68,647,0.3092,0.6064,7.5,0,7,mortgage,12221.1,auto,0
34,23898.74,724,0.2387,0.78,14.2,0,8,own,10096.52,debt_consolidation,0
52,92545.93,640,0.3577,0.4665,8.2,1,10,own,9123.82,credit_card,0
24,75132.8,599,0.3367,0.667,0.3,1,9,rent,3357.43,moving,0
30,77875.01,662,0.2861,0.2843,1.9,0,7,mortgage,26292.76,debt_consolidation,0
31,50954.63,556,0.1781,0.4935,10.7,3,7,own,18828.99,auto,0
33,72869.27,534,0.1214,0.1088,12.5,0,8,own,3655.53,other,1
53,64623.26,595,0.4049,0.3085,4.9,1,3,own,13926.37,wedding,1
48,30366.56,685,0.3376,0.5134,12.4,0,21,mortgage,6213.58,auto,0
42,81827.67,709,0.116,0.1662,6.7,1,11,own,5839.27,moving,0
42,64662.63,659,0.4522,0.1756,9.9,0,8,mortgage,41504.63,auto,0
48,201712.13,701,0.2599,0.1677,5.2,2,12,own,15395.85,medical,1
36,103247.92,682,0.3448,0.1446,7.3,0,5,rent,5321.13,debt_consolidation,0
45,54901.7,684,0.4843,0.5162,2.7,0,11,rent,16674.84,credit_card,0
43,43309.11,500,0.0658,0.5279,6.3,0,3,mortgage,8236.87,home_improvement,0
33,110224.16,850,0.4042,0.0319,0.0,0,14,own,2716.11,moving,0
52,106034.84,618,0.2611,0.3965,7.4,1,7,own,9666.78,auto,0
31,54842.52,804,0.2229,0.7219,3.6,0,4,rent,27401.05,home_improvement,0
18,69881.59,619,0.3689,0.3945,0.0,0,9,rent,5674.1,moving,0
42,39340.79,618,0.4356,0.4727,0.0,0,12,rent,6678.81,wedding,0
44,57384.41,605,0.4109,0.1877,3.4,3,12,mortgage,41148.89,vacation,0
32,58663.45,850,0.209,0.6536,8.5,1,8,rent,8899.97,debt_consolidation,0
40,85339.36,684,0.259,0.1484,0.0,0,0,rent,9195.06,major_purchase,0
45,42369.76,567,0.3268,0.1838,15.6,4,11,mortgage,8952.45,medical,0
35,50375.78,745,0.3158,0.3072,3.6,0,9,rent,24442.29,medical,0
18,30068.4,749,0.1819,0.1523,6.6,0,8,mortgage,11781.51,credit_card,0
31,31380.15,565,0.2735,0.6171,6.6,1,0,rent,11540.98,vacation,1
54,36407.84,825,0.317,0.4567,4.9,0,0,mortgage,20923.26,other,0
59,49491.39,704,0.3667,0.2535,0.6,0,14,mortgage,13043.29,debt_consolidation,0
36,39189.23,718,0.4488,0.41,10.2,8,14,rent,2838.07,moving,1
56,45127.85,765,0.1397,0.2902,11.5,1,9,mortgage,16860.51,credit_card,0
33,31346.61,709,0.1765,0.3072,9.9,3,13,mortgage,20105.6,credit_card,0
33,48806.76,671,0.1958,0.8577,8.8,0,19,rent,4438.32,moving,0
57,126154.9,705,0.2642,0.4304,0.0,0,5,rent,25816.88,vacation,0
61,37060.65,567,0.0847,0.216,0.0,0,10,rent,4295.89,debt_consolidation,0
53,157217.39,660,0.4091,0.6632,4.7,6,8,rent,24795.01,debt_consolidation,1
32,45825.63,648,0.2303,0.2879,0.0,1,6,rent,3285.31,other,0
31,132512.46,625,0.164,0.3248,5.5,1,7,rent,5224.6,major_purchase,0
35,45621.49,514,0.3361,0.3531,9.5,0,11,rent,11883.04,credit_card,1
56,50501.94,681,0.4171,0.2414,10.9,1,14,mortgage,8143.01,debt_consolidation,0
44,133781.98,657,0.3484,0.4682,4.7,0,17,rent,11946.22,debt_consolidation,0
45,148876.74,749,0.2671,0.8621,2.6,0,17,mortgage,11661.52,other,0
48,64096.91,634,0.5482,0.5628,10.3,0,10,mortgage,14307.0,vacation,0
24,36451.59,626,0.4317,0.1574,6.4,0,4,rent,5080.9,auto,1
43,53476.86,575,0.2205,0.4128,15.3,0,12,rent,7874.59,auto,0
23,60282.41,631,0.3738,0.5785,0.0,0,9,rent,4210.76,wedding,0
37,45229.31,850,0.2716,0.38,21.2,3,9,own,4849.06,moving,0
35,190792.48,671,0.0786,0.6162,10.1,1,1,own,11099.97,credit_card,0
40,60093.64,705,0.3647,0.1156,4.4,2,6,rent,7173.89,other,0
33,41379.42,574,0.3375,0.7887,2.9,0,8,mortgage,6908.53,credit_card,1
54,91574.11,797,0.1272,0.5349,10.7,0,14,rent,6337.75,moving,0
23,24283.21,715,0.1303,0.6774,0.0,3,9,own,5623.36,home_improvement,0
32,33590.56,668,0.2531,0.3357,1.4,0,14,rent,15081.8,auto,0
43,30836.18,762,0.4378,0.6584,6.5,3,10,mortgage,9361.32,vacation,0
35,65083.24,731,0.4181,0.5672,0.0,0,9,mortgage,14708.04,other,1
47,65093.61,781,0.355,0.0878,1.0,0,12,rent,6234.36,auto,0
23,52614.13,733,0.4969,0.0542,0.1,0,8,own,3725.32,wedding,0
49,78755.94,706,0.5831,0.1867,11.9,0,3,rent,7277.37,debt_consolidation,1
27,48358.27,761,0.2961,0.3315,4.8,1,10,mortgage,8215.45,auto,0
26,75791.21,620,0.4359,0.4952,2.8,3,4,mortgage,12700.13,vacation,1
38,33945.42,625,0.4279,0.408,18.3,0,12,rent,29975.05,vacation,0
38,52615.76,690,0.2058,0.442,5.3,2,11,rent,1301.26,medical,0
19,185371.95,600,0.3825,0.2058,6.3,3,13,mortgage,12193.28,major_purchase,0
53,49450.94,740,0.2727,0.4537,9.0,0,5,own,12162.34,home_improvement,0
42,32196.76,596,0.1363,0.1725,12.8,0,8,rent,9168.67,credit_card,0
45,26172.62,671,0.2691,0.6649,3.2,0,9,rent,6343.38,other,0
32,39760.28,597,0.2093,0.2329,14.0,1,16,rent,5448.29,medical,0
44,88751.91,653,0.494,0.538,7.9,0,4,mortgage,8326.31,debt_consolidation,0
24,88322.52,708,0.3232,0.567,6.7,0,9,mortgage,50000.0,debt_consolidation,0
46,78548.04,625,0.1816,0.1495,7.3,0,8,rent,5372.29,medical,0
